0.010416,-5.2e-05,-0.004508,
-0.0268655,0.0062568,-0.018036,
-0.03257,-0.0067565,-0.0153564,
-0.0443293,-0.0283401,-0.0232484,
-0.0393601,-0.0441449,-0.0439928,
-0.0297105,-0.0465882,-0.071674,
-0.0501973,-0.0583996,-0.0894136,
-0.0424018,-0.0572194,-0.0980052,
-0.0398461,-0.0002535,-0.103426,
-0.0494468,0.0546244,-0.0917352,
-0.0404417,0.062675,-0.0732692,
-0.0404439,0.0563308,-0.0694948,
-0.0202447,0.0393309,-0.0807772,
0.0108301,0.0288798,-0.0982272,
0.0211351,0.0203626,-0.108061,
0.0383002,0.0024173,-0.11142,
0.0477244,0.0056438,-0.119748,
0.0458717,0.0126829,-0.115721,
0.0433471,0.0106909,-0.107756,
0.0551423,0.0300201,-0.106472,
0.0654272,0.0729028,-0.0851228,
-0.0173639,0.101024,-0.015038,
-0.143148,0.198748,0.137076,
-0.294211,0.930253,0.844058,
-0.507905,2.48767,2.35496,
-0.640058,4.23656,4.04879,
-0.996802,5.58593,5.54295,
-1.6535,6.32022,6.96448,
-2.39765,6.53321,8.6222,
-2.92797,6.33157,10.6357,
-3.10161,5.99319,12.8726,
-3.09014,5.65083,15.1299,
-2.85439,5.3487,17.4608,
-2.61965,5.07348,19.8473,
-2.5106,4.81603,22.0506,
-2.38166,4.57174,24.15,
-2.1438,4.29898,26.1372,
-1.70884,4.04769,27.8914,
-1.35811,3.94757,29.4258,
-1.24962,4.15487,30.8814,
-0.935551,4.43133,32.4182,
-0.396782,4.47976,33.9785,
0.0327094,4.52209,35.2487,
0.313111,4.70255,36.3392,
0.299698,4.95949,37.3973,
-0.159662,5.61538,38.5403,
-0.71686,6.86752,40.0275,
-0.89138,7.8774,41.8652,
-0.391826,7.60919,43.933,
0.0928829,6.95295,45.9435,
0.433315,6.39434,48.0226,
0.821639,5.65756,50.2519,
0.988137,4.97972,52.3171,
1.01377,4.42321,54.1901,
0.977524,4.16503,55.8267,
1.12296,3.91571,57.2087,
1.10314,3.92079,58.3418,
0.903499,4.12518,59.3148,
0.84823,4.08894,60.1841,
0.89005,3.99669,60.788,
1.03258,3.97211,61.0656,
1.27615,3.96502,60.8936,
1.45012,3.8899,60.2543,
1.43815,3.84133,59.1659,
1.25889,3.93291,57.5452,
0.919827,4.47619,55.3087,
0.577502,5.565,52.8004,
0.218606,6.83766,50.3065,
-0.102134,8.03519,47.5882,
-0.0980491,9.09601,44.9369,
0.0660025,9.63216,42.3362,
0.283979,9.64996,39.1839,
0.760639,9.54594,36.333,
1.17857,9.38706,34.0321,
1.22942,9.06736,31.5646,
1.08438,8.8854,28.7746,
1.2743,8.75355,26.1987,
1.68804,8.83996,23.8368,
1.92592,9.30925,21.3882,
1.99803,9.31953,19.0989,
2.07671,8.82065,16.6735,
2.18671,8.46517,14.1122,
1.91872,8.31145,11.693,
1.49915,7.91713,9.75555,
1.36152,7.20987,8.10231,
1.36971,6.42983,6.33105,
1.45292,5.86075,4.65075,
1.49281,5.50246,3.30193,
1.36505,5.36158,2.34322,
1.28769,5.27149,1.77515,
1.18717,5.06612,1.50443,
1.03168,4.89434,1.45939,
0.998577,4.57227,1.53079,
0.710605,4.08043,1.61114,
-0.905012,3.48292,1.71387,
-4.91919,2.97955,1.93432,
-11.1825,2.909,2.91061,
-18.5179,3.02395,4.35859,
-26.0136,2.79733,5.01841,
-33.2454,1.56302,5.41551,
-40.1198,-0.510316,6.38738,
-45.878,-2.50109,7.67172,
-49.8083,-4.56469,9.16244,
-52.2351,-6.46932,10.3123,
-53.4474,-7.24629,10.5861,
-53.6772,-7.21842,10.4578,
-53.3346,-7.05995,10.3379,
-52.8532,-6.87767,10.1765,
-52.4035,-6.77149,10.0983,
-52.0791,-6.77304,10.2053,
-51.7764,-6.64909,10.2511,
-51.3726,-6.27604,10.1799,
-50.9763,-5.71385,10.0154,
-50.4722,-5.36955,9.95184,
-50.0356,-5.18201,9.9791,
-49.8683,-4.93725,9.90632,
-49.8043,-4.8112,9.85001,
-49.7779,-4.68508,9.7953,
-49.7239,-4.60531,9.7729,
-49.6837,-4.64577,9.82656,
-49.7006,-4.68152,9.84573,
-49.6693,-4.76537,9.91761,
-49.6531,-4.855,10.0155,
-49.6815,-4.87623,10.0516,
-49.6906,-4.93868,10.1379,
-49.6942,-5.02344,10.2189,
-49.6658,-5.09364,10.2265,
-49.6525,-5.13777,10.1887,
-49.6162,-5.20289,10.2001,
-49.4638,-5.27264,10.2811,
-49.3638,-5.26693,10.3397,
-49.3815,-5.23712,10.361,
-49.3942,-5.26766,10.4077,
-49.4004,-5.35344,10.4777,
-49.3715,-5.41468,10.5013,
-49.3099,-5.50535,10.5178,
-49.2629,-5.5769,10.5265,
-49.2029,-5.57729,10.4975,
-49.0993,-5.54757,10.4654,
-48.9932,-5.52443,10.4779,
-48.8203,-5.55289,10.5257,
-48.6159,-5.56432,10.5249,
-48.541,-5.50987,10.4536,
-48.5424,-5.45788,10.3877,
-48.4911,-5.43634,10.3913,
-48.3985,-5.42281,10.409,
-48.3846,-5.39674,10.3891,
-48.4099,-5.33232,10.3562,
-48.4122,-5.30807,10.3837,
-48.4052,-5.32639,10.4921,
-48.2532,-5.3902,10.7902,
-47.6257,-5.56304,11.5703,
-46.8417,-5.81404,13.1371,
-46.2271,-6.52157,15.5305,
-45.4856,-7.75274,18.9547,
-44.2742,-9.03131,23.3491,
-42.1478,-10.5537,28.4388,
-39.4278,-12.2232,33.8692,
-37.1449,-13.4327,39.2206,
-35.2687,-14.148,43.9329,
-33.6023,-14.4709,47.7855,
-32.1972,-14.6363,50.9026,
-30.8538,-14.7785,53.4419,
-29.6361,-15.152,55.6235,
-28.6172,-15.8379,57.2868,
-28.075,-16.1471,58.575,
-27.7122,-16.2472,59.7868,
-27.2486,-16.4472,60.8188,
-26.865,-16.5499,61.4596,
-26.6988,-16.6317,61.681,
-27.0283,-16.6608,61.2721,
-28.2396,-16.4838,59.8918,
-30.1843,-16.1344,57.2296,
-32.7713,-15.4287,53.3461,
-35.885,-14.2706,48.6419,
-38.709,-12.7763,43.6187,
-40.9693,-10.9406,38.3446,
-42.9241,-8.5714,33.0976,
-44.5363,-6.00527,27.9652,
-45.9453,-4.00553,23.4624,
-47.1685,-2.83778,19.9776,
-48.1868,-2.12899,16.841,
-49.2294,-1.45952,14.1625,
-49.8721,-0.867977,12.3483,
-49.9484,-0.284807,11.3809,
-49.7927,0.21011,10.9868,
-49.4888,0.226786,11.1649,
-49.1954,-0.126615,11.6592,
-49.0383,-0.332567,11.99,
-48.8584,-0.355289,12.2043,
-48.6735,-0.399121,12.4447,
-48.5342,-0.515906,12.7162,
-48.4032,-0.616474,12.9869,
-48.2231,-0.748148,13.3495,
-47.9458,-0.71074,13.8279,
-47.528,-0.159518,14.5078,
-46.9581,0.658644,15.7128,
-46.4831,1.40678,17.6215,
-46.1816,1.99957,19.915,
-45.421,2.42844,22.6376,
-44.1641,2.80798,25.9794,
-43.0991,3.56809,29.3487,
-41.7898,5.38331,32.2619,
-40.3627,7.7462,35.008,
-39.7396,9.42077,37.7242,
-39.6753,10.4846,40.2311,
-39.6761,11.1823,43.0479,
-39.8075,11.1534,46.5602,
-39.9871,10.3567,50.5503,
-40.2124,9.34206,54.3737,
-40.6394,8.67928,57.2629,
-41.1759,8.30908,59.2197,
-41.6564,8.01394,60.6008,
-41.9765,7.74337,61.3565,
-42.1409,7.58468,61.5486,
-42.2265,7.62961,61.4583,
-42.2919,7.72634,61.3996,
-42.3107,7.77788,61.392,
-42.3093,7.76034,61.3561,
-42.2233,7.44248,61.4322,
-42.0397,6.86254,61.3153,
-41.8294,5.88062,60.3271,
-41.3695,4.63757,58.353,
-40.744,3.81046,55.4646,
-40.4999,3.78996,51.878,
-40.3764,4.24699,48.4622,
-40.0873,4.72633,44.9203,
-39.6859,4.64121,40.862,
-38.9298,3.26749,36.0954,
-38.0741,1.20397,30.5763,
-38.2191,-1.0558,25.1615,
-39.092,-3.8383,20.6077,
-39.9521,-7.18811,16.7161,
-40.9371,-9.82792,12.0918,
-41.6875,-11.3061,6.38965,
-42.2334,-12.1933,-0.016046,
-42.7419,-14.0375,-5.55681,
-43.6539,-17.5411,-9.60906,
-44.8716,-20.6361,-13.3006,
-46.0966,-22.503,-17.1807,
-47.2322,-23.1563,-21.4142,
-48.3327,-23.5066,-25.2166,
-49.7816,-24.0337,-28.3049,
-51.3347,-24.41,-30.7954,
-52.8384,-24.521,-33.0162,
-54.0724,-24.21,-35.3268,
-55.0915,-23.8708,-37.5288,
-55.8918,-23.7194,-39.1587,
-56.2922,-23.8055,-40.1889,
-56.401,-23.8654,-40.8712,
-56.2314,-23.8277,-40.9848,
-55.9289,-23.7406,-40.7667,
-55.5679,-23.5802,-40.382,
-55.0904,-23.3501,-39.6752,
-54.3997,-22.7615,-38.4387,
-53.386,-22.2127,-36.0689,
-52.1205,-21.3855,-32.7714,
-50.5277,-20.1322,-28.3877,
-48.7189,-19.124,-22.9217,
-46.9529,-18.0667,-17.0408,
-45.6228,-16.9741,-11.4704,
-44.5893,-15.2868,-6.82606,
-43.0534,-12.824,-2.48015,
-41.3712,-9.97983,2.07414,
-39.9919,-7.5457,6.86675,
-38.8317,-5.94945,11.677,
-38.0429,-4.81974,16.5161,
-37.6773,-3.9472,21.4478,
-38.0073,-2.9686,26.0318,
-38.8823,-1.79068,29.8804,
-39.9169,-0.546598,33.3071,
-41.2217,0.769906,36.564,
-42.7104,2.15027,39.7117,
-43.8978,3.25401,43.1599,
-44.8014,4.31245,47.0433,
-45.6352,5.29348,50.8847,
-46.6411,5.77784,54.354,
-47.8259,5.4475,57.7259,
-48.9844,4.50765,60.968,
-50.0455,3.58596,63.7462,
-51.1807,2.8339,66.0808,
-52.5503,2.19956,68.0473,
-53.7009,1.65014,69.4537,
-54.4216,1.35704,70.1627,
-54.8337,1.34235,70.3903,
-54.9742,1.4077,70.4659,
-54.7941,1.42039,70.5006,
-54.6201,1.55983,70.371,
-54.5659,1.79907,70.1242,
-54.4146,1.89305,69.8942,
-54.3218,1.81371,69.5721,
-53.9275,1.09309,69.0992,
-52.8628,-0.0519213,67.8979,
-51.3252,-1.0671,65.9145,
-49.374,-2.71555,63.4973,
-47.6582,-4.70958,61.0432,
-46.6555,-6.63149,59.1203,
-45.9767,-8.72599,57.1495,
-45.6881,-10.918,55.2494,
-46.1989,-12.8299,53.284,
-47.1483,-13.6982,51.11,
-48.0332,-13.9194,48.858,
-48.9623,-14.2409,46.2529,
-49.9871,-14.2722,43.0618,
-50.9961,-13.697,39.499,
-51.7822,-13.0135,36.2789,
-52.3634,-12.5376,33.5353,
-52.995,-12.2591,31.014,
-53.4912,-11.9731,28.6288,
-53.8155,-11.8032,26.6351,
-54.2724,-11.5418,24.5898,
-54.7359,-11.1072,22.6808,
-55.0009,-10.9409,21.197,
-55.132,-11.1456,19.9624,
-55.1067,-11.8958,19.1166,
-55.1149,-12.7971,18.6201,
-55.312,-13.3261,18.2393,
-55.4889,-13.7495,17.9097,
-55.5734,-13.9311,17.4673,
-55.5475,-13.6156,16.9557,
-55.585,-12.6038,16.3735,
-55.7842,-11.5417,16.0718,
-55.895,-11.2385,16.3643,
-55.7653,-11.1935,16.6906,
-55.4557,-11.2745,16.9656,
-55.2253,-11.2501,16.9966,
-55.2601,-10.9374,16.8028,
-55.3447,-10.2613,16.7452,
-54.1678,-7.86471,17.0254,
-50.2221,-3.01913,17.8634,
-44.6592,2.18754,18.8762,
-39.7894,5.36756,19.6003,
-35.7835,6.50138,20.1128,
-32.27,6.41499,20.2249,
-28.6562,5.71933,20.0772,
-24.6068,4.8246,20.259,
-20.6037,3.94487,20.7649,
-17.6187,3.2081,21.5427,
-15.7026,2.63246,22.5696,
-13.3839,2.35005,23.4425,
-10.6778,2.57561,23.9036,
-8.27718,3.28483,24.1359,
-6.40445,3.9305,24.3153,
-4.75787,4.10399,24.5472,
-3.18811,4.10698,24.8342,
-1.75408,4.25678,25.1424,
-0.536618,4.47421,25.5265,
0.10364,4.72794,25.8542,
0.235544,5.07031,26.1049,
0.160657,5.26199,26.2337,
0.0849199,5.16907,26.2239,
0.054381,5.08586,26.2281,
-0.0191304,5.05908,26.2708,
-0.296199,5.01044,26.3383,
-0.848306,5.00692,26.454,
-1.23962,4.94678,26.4684,
-1.2881,4.89331,26.3771,
-1.41649,4.90681,26.3235,
-1.7031,4.9665,26.2911,
-2.00169,5.09965,26.4703,
-2.20976,5.47191,27.3484,
-2.21321,5.52902,29.7319,
-1.89656,4.84708,33.9316,
-1.2245,4.16242,39.6536,
-0.761771,3.93673,46.2166,
-0.840564,3.84106,52.6326,
-1.03947,3.67157,58.5446,
-1.44881,4.1552,64.3548,
-2.27513,5.1633,70.2904,
-2.99897,5.5855,75.7224,
-3.20372,5.10844,79.7669,
-3.24755,4.49992,82.1284,
-3.22924,4.26616,82.9922,
-3.11349,4.3129,83.121,
-2.90992,4.24637,83.1309,
-2.69859,3.95005,83.1003,
-2.65653,3.84834,83.0456,
-2.59658,3.8157,82.8851,
-2.49609,3.17096,81.8871,
-2.18141,1.77615,78.5282,
-1.57151,0.861246,73.4517,
-0.811159,1.08722,67.4128,
-0.453086,2.4806,60.3546,
-0.285325,4.04242,52.9498,
0.835903,3.68841,44.841,
2.05437,2.38357,37.3433,
2.2778,1.39102,30.0377,
2.02087,0.583064,22.4166,
1.95574,0.25475,15.0028,
2.12746,0.28828,8.34813,
2.40803,0.393428,3.0545,
2.86572,0.316445,-2.13155,
3.06377,-0.132912,-7.48977,
3.20981,-0.864625,-12.9926,
3.86893,-1.98192,-18.7937,
4.61707,-3.247,-24.3828,
4.6114,-4.11574,-30.0019,
4.17226,-4.3185,-36.4969,
4.05402,-4.11885,-42.7533,
2.97186,-4.19076,-48.7019,
1.02675,-4.46439,-54.7692,
0.15863,-4.4983,-59.9098,
0.456974,-4.58709,-63.7162,
0.950189,-5.14631,-66.2244,
1.21,-5.28201,-67.2245,
1.17378,-5.00007,-67.2158,
0.884474,-4.93503,-66.8284,
0.570279,-4.9876,-66.3236,
0.386597,-4.97843,-65.9949,
0.257969,-4.86051,-65.7055,
0.120777,-4.68005,-65.4703,
0.0761426,-4.28181,-65.3581,
0.11338,-3.75363,-65.2441,
0.130652,-3.1846,-65.0403,
0.0770475,-2.68504,-64.5259,
-0.0338478,-2.47637,-63.9946,
-0.181745,-2.36892,-63.7702,
-0.451819,-2.15976,-63.7746,
-0.727674,-1.92986,-63.838,
-0.928348,-1.80689,-63.8281,
-1.24825,-1.86781,-63.7656,
-1.60509,-1.98702,-63.5881,
-1.82286,-2.00147,-63.1508,
-1.93047,-1.46664,-62.1606,
-1.95479,0.247066,-59.7816,
-1.9955,3.36342,-54.8639,
-1.72899,6.87272,-47.4927,
-1.69329,10.1035,-37.5341,
-1.65471,12.4046,-25.7107,
-1.26249,13.148,-14.2185,
-0.351388,12.2922,-3.9626,
1.40202,10.8652,6.11864,
2.13839,10.8117,17.1071,
1.27924,11.457,28.2133,
1.15811,10.2167,38.087,
1.68687,7.95834,47.2733,
1.06934,6.31473,56.4615,
-0.152268,4.72614,64.8503,
-1.14212,3.479,72.9694,
-2.02936,2.14458,80.6275,
-2.61194,0.364125,86.9791,
-2.8119,-1.81272,92.7514,
-3.48722,-3.96414,98.607,
-4.19599,-5.40541,103.635,
-4.11889,-6.21236,107.333,
-3.83489,-6.2953,109.901,
-3.8706,-6.00761,110.954,
-3.8031,-5.88761,111.004,
-3.53638,-5.87688,110.877,
-3.33118,-5.71909,110.717,
-3.2261,-5.39859,110.569,
-3.05599,-5.16743,110.393,
-2.83921,-4.94034,110.237,
-2.8369,-4.63044,110.258,
-2.96187,-4.26323,110.327,
-2.96818,-3.89747,110.431,
-2.88035,-3.68,110.606,
-2.7481,-3.59973,110.748,
-2.58629,-3.49729,110.847,
-2.42907,-3.17732,110.901,
-2.38111,-2.81906,110.958,
-2.43032,-2.6735,111.037,
-2.39136,-2.58414,111.112,
-2.23117,-2.49023,111.097,
-1.97353,-2.46712,110.901,
-1.84376,-2.42919,110.531,
-1.83868,-2.38177,110.168,
-1.71671,-2.44506,109.781,
-1.60029,-2.4303,109.049,
-1.50582,-2.23214,107.614,
-1.20824,-2.44005,104.713,
-0.797009,-2.65136,100.902,
-0.270849,-1.87863,98.1452,
0.416691,-1.35666,95.5077,
1.12335,-1.6108,91.7402,
1.37478,-1.86551,87.1377,
1.24303,-1.8338,82.2259,
1.16626,-2.24629,77.7079,
0.980783,-3.04285,74.2156,
0.477618,-3.55935,71.0723,
-0.175565,-3.8784,67.057,
-0.650312,-3.76424,62.7467,
-1.45462,-3.41131,58.6426,
-2.37334,-2.71647,54.1105,
-2.75836,-1.84709,49.7461,
-2.98017,-1.1263,45.9059,
-3.34041,-0.313619,42.0064,
-3.77453,0.486418,38.2193,
-3.74552,0.986537,35.4183,
-3.11241,1.23643,33.8728,
-2.18585,1.58239,32.623,
-1.35306,2.1627,31.3981,
-0.811681,3.12694,29.9051,
-0.556619,4.26844,28.3788,
-0.839158,5.13622,27.4569,
-1.26123,5.60114,27.0859,
-1.36287,5.69075,26.7737,
-1.23373,5.8936,26.3086,
-1.13292,6.31171,25.6385,
-1.14196,6.61558,24.9388,
-1.16386,6.7642,24.4026,
-1.20579,6.89647,24.01,
-1.20723,6.94794,23.769,
-1.1235,6.86271,23.6461,
-1.08947,6.772,23.5675,
-1.10461,6.80804,23.4477,
-1.07943,6.84057,23.1856,
-0.954639,6.70173,22.711,
-0.815896,6.5301,22.0842,
-0.722095,6.53129,21.5989,
-0.672608,6.54516,21.2737,
-0.675162,6.50037,20.9716,
-0.726673,6.36239,20.6612,
-0.90436,6.06073,20.21,
-1.2551,5.6376,19.6189,
-1.77067,5.01962,18.8485,
-2.33056,4.42264,17.8554,
-2.86882,3.96766,16.6591,
-3.27985,3.71906,15.3582,
-3.46382,3.7616,14.2298,
-3.4997,3.80685,13.5001,
-3.3741,3.74969,13.1251,
-3.16679,3.66016,12.7592,
-3.03804,3.58603,12.326,
-3.00298,3.52244,12.0654,
-3.03037,3.41834,11.976,
-3.0714,3.34945,11.9752,
-3.07464,3.29787,12.0189,
-3.02605,3.22395,12.0123,
-2.98501,3.21965,11.997,
-2.97134,3.28027,12.0102,
-2.96956,3.39132,12.0537,
-2.97388,3.49353,12.1141,
-2.98382,3.55496,12.1549,
-2.99054,3.5844,12.1909,
-2.95771,3.57213,12.2141,
-2.927,3.52171,12.1933,
-2.9237,3.45783,12.1451,
-2.93395,3.41343,12.0952,
-2.95496,3.40453,11.9925,
-2.91972,3.40521,11.7431,
-2.80182,3.22799,11.249,
-2.59647,2.80264,10.5303,
-2.352,2.14636,9.59888,
-2.1732,1.44229,8.36365,
-2.05822,1.00911,7.03063,
-1.97605,0.834116,5.7664,
-1.95776,0.802613,4.81616,
-1.93251,0.746298,4.37179,
-1.91038,0.502691,4.10758,
-1.86335,0.178261,3.85003,
-1.77249,-0.0368178,3.60121,
-1.69395,-0.126373,3.43994,
-1.50426,-0.278143,3.29625,
-1.20075,-0.489027,3.10483,
-0.873828,-0.724691,2.91174,
-0.736515,-0.94742,2.75964,
-0.729972,-0.987993,2.73661,
-0.817302,-0.933741,2.85814,
-1.01379,-0.836699,3.06396,
-1.20576,-0.660097,3.28322,
-1.39075,-0.409168,3.50812,
-1.50092,-0.0753829,3.75617,
-1.51807,0.201243,3.952,
-1.62757,0.494086,4.16993,
-1.9764,0.88944,4.60075,
-3.03645,1.48764,5.53763,
-5.27337,2.40227,6.96642,
-8.2105,3.6533,8.29566,
-13.4245,5.05614,10.1719,
-21.7057,6.13751,12.8864,
-30.8094,7.02144,15.6054,
-40.2454,7.85898,17.356,
-49.9562,8.78972,16.7391,
-56.4092,10.0386,15.1867,
-58.0016,10.1861,15.9622,
-58.0794,8.85715,18.3007,
-57.9991,7.71608,20.1475,
-56.8141,7.29066,21.9633,
-55.0216,7.01607,23.7482,
-52.7922,6.87973,25.3574,
-49.6997,7.62508,26.9218,
-45.9013,8.6524,28.4556,
-43.0848,9.24886,29.3291,
-42.9831,9.33238,29.1285,
-42.9929,8.99103,29.2371,
-42.3035,8.82526,29.6818,
-42.3156,8.91558,29.8173,
-42.0066,9.03908,29.9814,
-41.6557,9.08093,30.1225,
-41.5093,9.05102,30.2408,
-41.1636,8.96012,30.4022,
-40.9951,8.86041,30.4748,
-40.8691,8.75556,30.5358,
-40.7115,8.73222,30.5803,
-40.5394,8.75738,30.5874,
-40.353,8.65589,30.6179,
-40.3201,8.45453,30.6507,
-40.2924,8.30405,30.6607,
-40.1497,8.26222,30.6784,
-40.0193,8.22985,30.8152,
-39.835,8.11189,31.0366,
-39.821,8.00553,31.0702,
-40.1153,7.9743,31.0758,
-40.2813,7.90646,31.234,
-40.2388,7.91622,31.3656,
-40.0196,8.08419,31.6713,
-39.6954,8.56978,32.4773,
-39.0935,10.0777,34.1689,
-38.4599,12.0175,36.9476,
-38.087,13.6454,40.3864,
-38.1823,15.112,44.0675,
-39.0718,15.9608,48.2323,
-40.0377,15.9486,53.6026,
-40.5055,15.1226,60.0735,
-40.8816,13.4452,67.0894,
-41.2977,11.3733,73.6066,
-41.6567,9.34497,78.8909,
-41.9132,7.28158,83.2105,
-42.086,5.32453,86.6715,
-42.1532,3.7426,89.4571,
-42.162,2.66618,91.6558,
-42.4713,1.66976,93.4278,
-42.9525,0.715123,94.8398,
-43.3048,0.178548,95.8897,
-43.7168,-0.195263,96.6802,
-43.9604,-0.640458,97.0922,
-43.8162,-0.89554,97.1548,
-43.6782,-0.83509,97.0498,
-43.6521,-0.73277,96.8878,
-43.7268,-0.680681,96.7425,
-43.7783,-0.706191,96.606,
-43.6061,-0.723544,96.3685,
-42.8645,-0.390644,95.432,
-41.5234,0.386829,93.3331,
-40.2368,1.30139,90.2981,
-39.5503,1.55539,86.76,
-39.354,1.16883,82.6731,
-38.9626,0.802589,78.5286,
-37.7335,0.977522,74.3987,
-36.3683,1.93243,70.1274,
-35.2413,3.0008,66.1172,
-34.8611,3.53523,61.7676,
-35.8041,3.35155,56.3867,
-37.5142,2.42172,50.4152,
-39.0192,2.55803,43.4811,
-39.6306,3.60423,37.4649,
-40.098,3.28729,33.4205,
-40.0169,2.36941,29.237,
-39.3781,1.72593,24.8458,
-39.2531,1.44716,19.4816,
-38.7574,1.58104,13.9362,
-38.1368,1.77844,8.66357,
-37.8064,1.59038,3.14532,
-37.0087,0.534703,-1.77174,
-36.8227,-1.32283,-6.98236,
-37.1956,-3.61158,-11.9544,
-37.8107,-5.79473,-16.3854,
-39.1454,-7.60049,-20.5584,
-40.2098,-9.17257,-23.9521,
-40.8717,-10.0828,-27.3775,
-41.0753,-10.1837,-30.6898,
-41.0494,-10.422,-33.1417,
-41.3605,-11.3019,-34.9447,
-41.8511,-12.3507,-36.2633,
-42.4723,-13.357,-37.1876,
-42.7335,-13.8371,-38.0354,
-42.5488,-13.998,-38.3675,
-42.5053,-14.1612,-38.6145,
-42.5872,-14.0792,-38.9146,
-42.6083,-14.1399,-38.9364,
-42.6912,-14.2408,-38.9542,
-42.6671,-14.3533,-38.7402,
-42.6021,-14.651,-38.3923,
-42.6639,-14.9472,-38.1195,
-42.7116,-15.1264,-37.919,
-42.7018,-15.1346,-37.7912,
-42.744,-14.9613,-37.5754,
-42.7108,-14.6286,-36.9612,
-42.4519,-14.2798,-35.6076,
-42.0833,-13.9037,-33.588,
-41.8975,-12.835,-31.0426,
-41.5316,-10.8137,-27.7873,
-40.7013,-8.19519,-24.2937,
-39.715,-5.76676,-20.1122,
-39.2776,-4.12059,-15.1702,
-39.1016,-2.90164,-9.72586,
-38.8436,-1.8105,-4.24913,
-39.0757,-0.734219,0.848422,
-39.0606,0.228988,6.92885,
-39.1268,0.399475,13.3301,
-39.9004,0.214895,19.456,
-40.854,0.490822,24.7838,
-41.8646,1.15533,29.3111,
-43.0853,1.31451,34.5939,
-43.984,1.03529,40.3952,
-44.6762,1.36285,46.0216,
-45.4982,1.89145,51.5858,
-46.2301,1.9791,57.2864,
-47.1066,1.78606,62.8499,
-47.9277,1.01693,68.5876,
-48.4122,-0.683052,74.9032,
-48.6753,-2.763,81.2707,
-48.8676,-4.71218,86.5531,
-48.9993,-6.21353,90.6816,
-49.326,-6.98274,94.2731,
-50.2836,-8.05741,97.467,
-51.8052,-9.62713,100.776,
-53.3895,-11.1962,104.24,
-54.3201,-12.8408,107.304,
-55.0114,-14.213,110.071,
-55.6878,-15.846,112.658,
-55.7741,-17.0838,114.18,
-55.9178,-17.7337,114.858,
-56.1223,-18.1232,115.022,
-56.1881,-18.1122,114.782,
-56.3285,-18.0933,114.586,
-56.3618,-17.8985,114.101,
-56.2568,-17.7059,113.475,
-56.0322,-17.5097,112.68,
-55.6567,-16.9272,111.378,
-54.7559,-15.8647,109.324,
-53.393,-14.5197,106.538,
-51.7094,-12.7867,102.992,
-49.4738,-11.1498,99.1177,
-47.8694,-10.3287,95.9051,
-46.7024,-9.5182,92.5299,
-45.0456,-8.61162,88.7918,
-44.0908,-8.40473,85.8777,
-43.3916,-8.70369,83.1664,
-41.7261,-9.36149,80.3156,
-39.8323,-10.4325,76.8523,
-38.7702,-10.7869,71.9145,
-38.3066,-9.92769,66.1827,
-37.7703,-8.6724,60.8091,
-37.2714,-7.44584,55.8332,
-36.5608,-6.67176,51.2032,
-35.3927,-6.28548,46.8451,
-34.1338,-5.77371,42.5493,
-33.179,-5.44671,38.7574,
-32.3104,-5.16096,35.2172,
-31.1588,-4.80968,32.1189,
-29.7715,-4.4938,29.5732,
-28.2766,-3.94426,27.453,
-26.9089,-3.24712,25.8682,
-26.1541,-2.73801,25.0745,
-26.0878,-2.61161,24.8637,
-26.3997,-2.6654,24.8243,
-26.792,-2.75066,24.9103,
-26.9288,-2.84198,24.8897,
-26.8438,-2.82735,24.8482,
-26.4334,-2.56271,24.9724,
-25.6553,-1.51709,25.2894,
-24.5921,0.537452,25.6637,
-22.9535,2.93224,25.9597,
-20.8923,4.91864,26.2199,
-18.6698,6.10048,26.5879,
-15.9548,6.45367,26.9687,
-12.6167,6.48552,27.0769,
-9.58565,6.5398,26.9066,
-7.63979,6.43147,26.4525,
-6.2131,6.04065,25.9213,
-5.06023,5.38419,25.5586,
-4.19077,4.57345,25.2274,
-3.31607,3.68181,24.8166,
-2.43832,2.9263,24.4535,
-1.65179,2.21256,24.2295,
-0.929898,1.51873,24.1547,
-0.170398,0.717352,24.4146,
0.639388,-0.396561,24.7612,
1.41077,-1.27993,25.0406,
1.93963,-1.67144,25.2805,
2.17883,-1.78841,25.4811,
2.49041,-2.00051,25.807,
2.83459,-2.23577,26.0926,
2.95626,-2.17601,26.2766,
3.00698,-2.07483,26.4482,
3.02431,-1.98672,26.6008,
2.98075,-1.90374,26.8093,
3.0618,-1.95384,27.0017,
3.21703,-2.00711,27.1322,
3.40833,-2.05519,27.2512,
3.6205,-2.16114,27.3302,
3.70696,-2.16686,27.3129,
3.62967,-1.98983,27.261,
3.41712,-1.84205,27.2515,
3.12568,-1.66219,27.368,
2.63934,-1.32379,27.8607,
1.31239,-0.964495,29.0566,
-1.0051,-1.22986,30.4473,
-4.50333,-2.37117,31.7015,
-7.9096,-3.46988,32.7418,
-9.64501,-3.66181,33.1325,
-10.3869,-2.87337,33.0765,
-10.5483,-2.03678,32.9151,
-10.3583,-1.71852,32.8562,
-10.1272,-1.58158,32.8665,
-9.89581,-1.45129,32.8217,
-9.73394,-1.32149,32.8037,
-9.65413,-1.15157,32.8007,
-9.48802,-1.00986,32.807,
-9.23802,-0.85648,32.9465,
-8.79748,-0.402944,33.2643,
-8.15428,0.276676,33.7196,
-7.6565,0.803165,34.0576,
-7.26143,1.01884,34.058,
-6.63047,0.951399,33.6755,
-6.0298,0.685075,32.8548,
-5.53465,0.17326,31.1219,
-5.03203,-0.284969,28.3169,
-4.7577,-0.404007,25.5062,
-4.52254,-0.519807,23.1536,
-4.08314,-0.505391,20.7471,
-3.69635,-0.0978958,18.6063,
-3.42208,0.351109,16.9493,
-3.21441,0.705282,15.4054,
-3.08503,1.15221,13.965,
-2.87538,1.5677,12.7715,
-2.58604,1.66561,11.8604,
-2.29676,1.59432,11.0948,
-2.04741,1.43418,10.4208,
-1.83372,1.1896,9.84669,
-1.74047,1.04909,9.42348,
-1.67754,0.943612,9.14158,
-1.5786,0.781419,8.89744,
-1.52262,0.672112,8.6474,
-1.44625,0.618227,8.45509,
-1.34534,0.538425,8.27787,
-1.263,0.524924,8.02547,
-1.16559,0.523168,7.749,
-1.04596,0.363806,7.41803,
-0.954927,0.160608,7.0136,
-0.883236,0.0831603,6.6362,
-0.823788,0.0627311,6.31686,
-0.79186,0.0941892,6.048,
-0.798998,0.14403,5.85295,
-0.830473,0.198771,5.66281,
-0.846642,0.327275,5.48736,
-0.863962,0.434629,5.35936,
-0.877711,0.420915,5.29747,
-0.868032,0.344745,5.30619,
-0.900084,0.316206,5.31228,
-0.977853,0.328154,5.30384,
-1.02563,0.353793,5.30009,
-1.04069,0.377229,5.29595,
-1.05399,0.381424,5.28697,
-1.0555,0.42419,5.26936,
-1.05773,0.503792,5.27141,
-1.07623,0.564987,5.28858,
-1.10565,0.644183,5.29578,
-1.13935,0.724191,5.30267,
-1.19847,0.781773,5.30289,
-1.29169,0.845012,5.30786,
-1.33821,0.856496,5.32638,
-1.35328,0.877169,5.34175,
-1.40924,0.968727,5.36939,
-1.47437,1.02803,5.42273,
-1.47352,0.978704,5.46263,
-1.46061,0.908155,5.45741,
-1.49866,0.90956,5.44588,
-1.52059,0.964541,5.4519,
-1.52444,1.00489,5.45414,
-1.53981,0.97117,5.43885,
-1.54396,0.91344,5.40732,
-1.54118,0.956101,5.39317,
-1.55051,1.03322,5.41064,
-1.55785,1.00852,5.43135,
-1.58231,1.00162,5.44231,
-1.59873,1.06403,5.46914,
-1.57392,1.08645,5.49674,
-1.5554,1.10479,5.49073,
-1.53081,1.14406,5.46206,
-1.4987,1.22937,5.42453,
-1.44753,1.29601,5.42989,
-1.3894,1.24417,5.46603,
-1.38452,1.26789,5.46052,
-1.385,1.46631,5.41433,
-1.37152,1.74885,5.36718,
-1.39023,1.97242,5.29465,
-1.44931,2.05466,5.13062,
-1.52337,1.91183,4.80425,
-1.64704,1.57842,4.24852,
-1.88532,1.29489,3.50822,
-2.21757,1.16694,2.52596,
-2.71025,1.1581,1.41107,
-3.15815,1.23885,0.425356,
-3.29444,1.4415,-0.338052,
-3.29497,1.60412,-0.929564,
-3.28882,1.59406,-1.48287,
-3.22877,1.61304,-2.03628,
-3.02781,1.82635,-2.59008,
-2.8576,2.04859,-3.01291,
-2.90381,2.01759,-3.33756,
-3.02433,1.77444,-3.67822,
-3.06198,1.43432,-4.00843,
-3.07593,1.28075,-4.33982,
-3.11992,1.28241,-4.63548,
-3.12192,1.17987,-4.9337,
-3.13277,0.995127,-5.30499,
-3.16116,0.889597,-5.66892,
-3.15818,0.965359,-5.90126,
-3.13619,1.00439,-6.02316,
-3.11167,1.03387,-6.09511,
-3.1003,1.12032,-6.10234,
-3.107,1.18086,-6.06915,
-3.12487,1.23131,-6.00741,
-3.15765,1.30856,-5.90651,
-3.27663,1.63689,-5.60935,
-3.53544,2.40683,-4.68778,
-3.85935,3.41842,-3.08622,
-4.03488,3.96816,-1.80018,
-4.00882,3.9291,-1.39607,
-3.9194,3.74708,-1.34148,
-3.92265,3.55476,-1.34171,
-3.97761,3.4292,-1.3796,
-3.95627,3.44034,-1.4465,
-3.92327,3.48236,-1.51574,
-3.91538,3.37445,-1.54976,
-3.91204,3.24896,-1.57601,
-3.88764,3.26154,-1.6132,
-3.87426,3.26837,-1.64518,
-3.87628,3.1761,-1.6805,
-3.85569,3.07612,-1.72055,
-3.8302,3.02155,-1.73162,
-3.80855,2.9925,-1.72435,
-3.80493,2.96347,-1.71235,
-3.83768,2.93009,-1.72805,
-3.86592,2.86245,-1.77111,
-3.83786,2.79987,-1.79737,
-3.82902,2.81004,-1.78474,
-3.84303,2.79932,-1.76384,
-3.80191,2.77151,-1.75542,
-3.75798,2.71373,-1.7347,
-3.73741,2.61215,-1.73706,
-3.70732,2.5896,-1.78018,
-3.6986,2.59864,-1.83125,
-3.69875,2.58936,-1.84534,
-3.69423,2.57864,-1.82824,
-3.71162,2.60965,-1.81005,
-3.74014,2.63283,-1.79519,
-3.75668,2.60588,-1.78917,
-3.72729,2.60258,-1.77678,
-3.69559,2.60593,-1.77388,
-3.69447,2.59954,-1.77135,
-3.69427,2.57157,-1.76195,
-3.71685,2.48149,-1.76013,
-3.75115,2.41101,-1.76438,
-3.77882,2.42563,-1.76108,
-3.77563,2.39691,-1.72558,
-3.69818,2.30717,-1.71378,
-3.63829,2.22073,-1.73392,
-3.6274,2.11724,-1.73487,
-3.61399,2.10378,-1.74591,
-3.62592,2.17634,-1.75568,
-3.6539,2.17762,-1.74,
-3.62992,2.09924,-1.6944,
-3.54678,1.98173,-1.66633,
-3.53587,1.96666,-1.712,
-3.59633,2.02172,-1.74913,
-3.62153,1.97903,-1.78101,
-3.63781,1.95305,-1.81741,
-3.63492,1.98707,-1.81554,
-3.61599,2.0159,-1.80594,
-3.62907,1.95108,-1.81316,
-3.62367,1.90807,-1.85105,
-3.59375,2.00726,-1.90583,
-3.58235,2.11237,-1.9241,
-3.57244,2.17422,-1.89625,
-3.58089,2.17456,-1.86595,
-3.57373,2.11951,-1.83338,
-3.52267,2.07622,-1.83243,
-3.48706,2.08018,-1.84609,
-3.43784,2.06588,-1.81433,
-3.4193,2.06568,-1.80242,
-3.43229,2.0919,-1.81207,
-3.42047,2.05475,-1.81353,
-3.4104,1.97214,-1.81522,
-3.3803,1.92222,-1.80539,
-3.37498,1.97725,-1.81135,
-3.38583,1.97838,-1.80044,
-3.35868,1.87485,-1.78755,
-3.36249,1.91696,-1.8232,
-3.39022,2.03216,-1.83415,
-3.37903,2.05545,-1.80076,
-3.38043,2.05271,-1.78606,
-3.39876,2.04798,-1.78985,
-3.41729,2.08291,-1.79602,
-3.44489,2.13738,-1.77494,
-3.43906,2.08439,-1.72499,
-3.45035,2.0772,-1.72852,
-3.51422,2.15663,-1.73902,
-3.54989,2.06573,-1.72668,
-3.57228,1.93846,-1.78052,
-3.56846,1.96186,-1.83393,
-3.53648,1.94967,-1.8083,
-3.54502,1.83276,-1.75653,
-3.51259,1.75288,-1.74218,
-3.48126,1.77356,-1.77071,
-3.49096,1.75273,-1.79158,
-3.4873,1.61629,-1.81874,
-3.48956,1.59299,-1.86728,
-3.49998,1.6869,-1.88116,
-3.54532,1.74886,-1.90988,
-3.52592,1.81071,-1.94657,
-3.45739,1.81101,-1.93938,
-3.42806,1.79438,-1.92943,
-3.43899,1.85055,-1.93328,
-3.49519,1.94413,-1.95316,
-3.5199,2.03423,-1.97025,
-3.48263,2.08767,-1.97355,
-3.45708,2.13536,-1.96154,
-3.47839,2.14717,-1.93683,
-3.47641,2.06997,-1.91752,
-3.43594,2.00068,-1.91407,
-3.4119,2.01568,-1.90387,
-3.39279,2.00907,-1.85106,
-3.43645,2.03921,-1.8423,
-3.50943,2.13206,-1.87294,
-3.48855,2.15717,-1.88495,
-3.43242,2.20364,-1.9015,
-3.39708,2.29149,-1.89948,
-3.3883,2.3028,-1.87987,
-3.39635,2.24541,-1.87077,
-3.40696,2.20421,-1.88336,
-3.43481,2.21317,-1.91133,
-3.45084,2.24465,-1.92644,
-3.43393,2.24141,-1.92075,
-3.42345,2.23743,-1.9163,
-3.44298,2.23328,-1.89185,
-3.49735,2.11268,-1.8253,
-3.54829,1.93559,-1.63634,
-3.73038,1.87044,-1.22558,
-3.9853,1.88519,-0.345078,
-3.92956,1.95888,0.680944,
-3.79784,2.21974,1.65388,
-3.90294,2.5527,2.9425,
-3.98063,3.01573,4.60643,
-3.70549,3.45055,6.71233,
-3.35009,3.88502,9.10144,
-2.87438,4.58375,11.956,
-2.18901,5.2494,15.4312,
-1.69187,5.50371,18.8591,
-1.4811,5.51572,21.6256,
-1.39054,5.83063,23.8519,
-1.06132,6.23075,25.9994,
-0.627534,6.44217,28.198,
-0.0404086,6.53143,30.3723,
0.552746,6.58325,32.501,
0.809253,6.71631,34.3792,
0.959737,6.83014,35.8871,
1.22519,6.62617,36.9281,
1.44817,6.30564,37.3562,
1.44806,6.23825,37.4285,
1.39586,6.32483,37.3544,
1.44181,6.52087,37.221,
1.36036,7.15287,37.2102,
0.603354,8.65716,37.5125,
-0.901101,10.7217,38.0875,
-2.70598,12.1435,38.5941,
-4.5147,12.665,38.8378,
-5.88792,13.2958,39.1386,
-6.94376,14.3528,39.7063,
-8.27364,15.6301,40.4066,
-9.99736,17.2876,41.1765,
-12.0828,19.1889,41.8674,
-14.1127,20.8976,42.2122,
-15.4168,21.8807,42.1363,
-15.9325,22.1595,41.831,
-16.1058,22.3298,41.5012,
-16.0845,22.5021,41.306,
-16.0376,22.6051,41.3188,
-16.0457,22.6893,41.3832,
-16.0421,22.8103,41.3793,
-16.0827,22.8789,41.4084,
-16.1192,22.811,41.5224,
-16.0595,22.7269,41.6163,
-15.925,22.7419,41.5977,
-15.8402,22.8121,41.5596,
-15.766,22.8463,41.5396,
-15.657,22.8474,41.5096,
-15.5731,22.7951,41.5584,
-15.4703,22.6669,41.6634,
-15.3623,22.5747,41.7089,
-15.2706,22.4833,41.7308,
-15.1756,22.428,41.7118,
-15.1221,22.4701,41.6494,
-15.0986,22.4695,41.6288,
-15.0559,22.4162,41.6327,
-15.0075,22.396,41.6204,
-14.9771,22.4078,41.5982,
-14.9511,22.3926,41.5899,
-14.9262,22.3387,41.5898,
-14.9564,22.3314,41.5896,
-14.9712,22.3108,41.6415,
-14.8974,22.2362,41.6967,
-14.8377,22.2286,41.6788,
-14.804,22.2228,41.633,
-14.7572,22.1711,41.6178,
-14.7077,22.104,41.6355,
-14.6516,22.0935,41.6185,
-14.6241,22.165,41.565,
-14.6198,22.1748,41.5312,
-14.563,22.0849,41.5323,
-14.5103,22.0439,41.5222,
-14.5173,22.0808,41.5052,
-14.5659,22.1043,41.5083,
-14.6053,22.0613,41.5366,
-14.6015,21.9906,41.5761,
-14.5527,21.9425,41.5971,
-14.4622,21.8652,41.5791,
-14.3281,21.6922,41.5246,
-14.0906,21.3071,41.462,
-13.5842,20.6718,41.302,
-12.6392,19.4906,40.8673,
-11.4422,17.504,40.078,
-10.1266,15.0586,39.4812,
-8.72128,12.3522,39.2414,
-7.21223,9.54313,38.6731,
-5.69297,7.28103,37.9999,
-4.55916,5.66615,37.8927,
-3.72097,4.21627,37.9772,
-2.93201,2.93504,37.9458,
-2.04728,1.75917,37.8831,
-1.05701,0.523475,37.6961,
-0.254945,-0.447858,37.396,
0.188004,-0.845863,37.2733,
0.377634,-0.994569,37.4569,
0.517784,-1.11961,37.565,
0.564548,-1.02548,37.6122,
0.549884,-0.888518,37.7176,
0.529548,-0.870226,37.813,
0.486653,-0.755495,37.9096,
0.195402,-0.671636,38.1714,
-0.920503,-1.11148,38.7744,
-2.42884,-1.86098,39.2808,
-4.54479,-2.37513,39.9431,
-7.68106,-2.46372,41.1296,
-11.1204,-1.92509,42.4998,
-14.7363,-0.866567,44.0019,
-18.3497,-0.0124356,45.2539,
-21.1787,0.145334,45.824,
-22.9785,-0.0762461,45.9567,
-24.4505,-0.340737,46.0692,
-25.4605,-0.556543,46.1721,
-25.2404,-0.5532,46.2291,
-23.5976,-0.0933726,46.1739,
-20.4637,0.797645,45.7825,
-16.2191,1.64009,45.1759,
-12.525,1.96346,44.7967,
-10.1064,2.00462,44.5366,
-8.3604,2.2982,44.1301,
-7.05464,2.79284,43.8166,
-6.09842,3.11465,43.7199,
-5.58093,3.11409,43.8474,
-5.49522,3.00525,44.1034,
-5.55904,3.02822,44.2641,
-5.56723,3.18687,44.2649,
-5.61161,3.18493,44.1674,
-5.68841,2.50392,44.0003,
-5.65852,0.606133,43.7547,
-4.87679,-3.53815,43.6427,
-2.63388,-8.97424,43.7347,
-1.10202,-14.8441,43.2023,
-1.23006,-20.6181,41.4538,
-1.06942,-26.0645,38.985,
-0.0912093,-31.9902,36.8939,
1.27682,-37.2728,35.9039,
1.85042,-41.8113,35.5098,
1.49268,-45.4581,35.3686,
1.22933,-48.3438,35.654,
1.37221,-51.6743,36.3134,
1.52851,-54.7346,37.1834,
1.60631,-56.4625,37.7955,
1.65386,-56.7366,37.8709,
1.8097,-55.3912,37.6045,
2.41112,-52.9336,37.2177,
2.87638,-51.0746,36.9132,
2.64771,-49.0963,36.9992,
1.89211,-45.7618,37.5375,
1.57851,-41.8757,37.8731,
2.00703,-35.8562,38.4182,
1.97207,-26.9184,39.7732,
1.03149,-16.899,41.0752,
0.175603,-8.613,41.8518,
0.455152,-4.03411,42.1784,
1.52086,-2.47954,42.2446,
2.30188,-2.37278,42.206,
2.57736,-2.42655,42.3202,
2.62367,-2.04507,42.8183,
2.0979,-0.369126,43.7347,
0.833098,2.68061,45.134,
-0.727491,5.17816,46.2892,
-1.48513,5.59309,46.3995,
-1.04483,4.58928,46.2283,
-0.59128,3.44621,46.2692,
-0.53692,2.91721,46.0719,
-0.841714,3.69432,45.6962,
-1.42428,5.27514,45.5341,
-1.82079,6.16714,45.9721,
-1.80346,6.41463,46.6611,
-1.7414,6.45411,47.2481,
-1.91811,6.20641,47.6187,
-2.19916,5.95502,47.602,
-2.35568,5.97221,47.7607,
-2.4418,6.41883,48.3432,
-2.47816,6.22045,48.8489,
-2.62701,5.7107,48.5294,
-2.98048,6.24495,47.9356,
-3.20972,7.04829,47.8855,
-3.25278,7.55232,47.9779,
-3.3302,7.9255,48.0392,
-3.5964,8.00285,48.1029,
-3.79128,7.90203,48.2005,
-3.80504,7.76846,48.1553,
-3.71967,7.54987,48.0361,
-3.58002,7.39183,48.1021,
-3.43816,7.17968,48.2762,
-3.31795,6.83345,48.3781,
-3.26392,6.06765,48.2274,
-3.28362,5.71196,48.1077,
-3.24645,5.72085,48.173,
-3.22578,5.43579,48.1874,
-3.25769,5.23601,48.2679,
-3.28355,5.33612,48.3507,
-3.25515,5.51154,48.332,
-3.17278,5.32715,48.2981,
-3.07612,4.91559,48.3087,
-2.87429,4.13516,48.4484,
-2.73687,3.31198,48.8919,
-2.77816,3.03091,49.3888,
-2.8481,3.05989,49.4911,
-2.83219,2.82125,49.4333,
-2.76768,2.21876,49.3836,
-2.84074,1.55888,49.1614,
-2.95327,0.848599,48.9555,
-2.94189,-0.0890645,48.9746,
-2.91403,-1.02945,49.115,
-2.93809,-1.8082,49.2152,
-2.96916,-2.78266,49.2624,
-3.01858,-4.13461,49.3468,
-3.23362,-5.61359,49.528,
-3.40913,-6.91596,49.6776,
-3.5644,-8.03722,49.6173,
-3.82197,-9.60585,49.3403,
-4.22505,-11.4822,48.9681,
-4.70172,-13.2779,48.6414,
-4.94983,-15.2129,48.3118,
-5.04074,-16.6755,48.058,
-4.98627,-17.6101,47.9608,
-4.76053,-19.3518,47.9679,
-4.48378,-22.5558,47.9225,
-4.33781,-25.7894,47.7408,
-4.35533,-27.5515,47.5808,
-4.37391,-28.5517,47.5318,
-4.31055,-30.0703,47.5441,
-4.33739,-32.5849,47.5348,
-4.55618,-35.7583,47.4638,
-4.78994,-39.1593,47.3506,
-4.85796,-42.6625,47.1699,
-4.6388,-45.6224,47.2045,
-4.24419,-47.4944,47.5542,
-3.94494,-48.9955,47.7433,
-3.68993,-50.8844,47.9146,
-3.26973,-53.1594,48.3984,
-2.97023,-55.9268,49.0222,
-3.08713,-58.7858,49.5931,
-3.20831,-60.6593,49.9801,
-3.09121,-61.3343,50.2036,
-3.01368,-61.8481,50.2006,
-2.97213,-62.6294,50.0298,
-2.87597,-63.3315,49.9182,
-2.9371,-63.9424,49.7854,
-3.17418,-64.5743,49.5001,
-3.3745,-65.2216,49.1662,
-3.53076,-65.7812,48.8931,
-3.70381,-66.1434,48.6677,
-3.89599,-66.3065,48.4893,
-4.18305,-66.5637,48.2308,
-4.57887,-67.2672,47.7616,
-5.06381,-68.4079,47.1085,
-5.59548,-69.2129,46.4944,
-5.83497,-68.3797,46.2835,
-5.39771,-65.0439,46.7712,
-4.36877,-58.9967,48.0117,
-3.16486,-50.5941,49.532,
-2.30741,-41.5947,50.8569,
-2.08597,-34.0085,51.6769,
-2.23138,-27.7247,51.8358,
-2.42816,-21.6273,51.6401,
-2.68141,-15.4731,51.273,
-2.94339,-9.86051,50.8846,
-3.11124,-5.63306,50.6608,
-3.14361,-2.73655,50.656,
-3.16886,0.303789,50.7228,
-3.30101,4.3439,50.6869,
-3.37874,8.42428,50.7269,
-3.41011,12.2136,50.8218,
-3.333,16.3311,50.7981,
-3.07405,20.6284,50.715,
-2.76881,24.0631,50.6954,
-2.53078,26.7441,50.7708,
-2.26994,29.5855,51.0974,
-1.82817,32.5933,51.8874,
-1.32717,35.6068,52.8197,
-0.932747,38.5714,53.4598,
-0.603442,42.0439,53.8869,
-0.196324,46.0541,54.4444,
0.120949,49.4268,55.0863,
0.174896,51.2713,55.3141,
0.165475,52.1712,55.2847,
0.217526,53.5751,55.4974,
0.332916,56.0223,55.8803,
0.562827,58.8689,56.2922,
0.923095,61.4296,56.7896,
1.27201,63.3785,57.3605,
1.42271,64.2887,57.6874,
1.35838,63.7176,57.5561,
0.980281,61.2036,56.9756,
0.248511,56.2656,55.9514,
-0.396466,49.1153,54.8487,
-0.560737,40.0942,54.0336,
-0.545547,30.6949,53.4034,
-1.18031,23.6864,53.0234,
-2.33021,18.9893,52.8631,
-2.92585,15.0646,52.6432,
-2.9651,11.579,52.2747,
-2.97734,8.13971,51.7922,
-3.0615,4.82698,51.6111,
-3.37789,1.77777,51.8802,
-3.99103,-0.908943,52.2272,
-4.60154,-2.68294,52.3503,
-5.04701,-4.04009,51.7869,
-5.46242,-5.41909,50.4382,
-5.88169,-5.52783,49.4675,
-6.06985,-4.26311,49.4182,
-5.96688,-3.03782,49.6552,
-5.88583,-2.39053,49.7266,
-5.95268,-2.07712,49.4956,
-6.07627,-1.98258,49.2438,
-6.23699,-2.2146,49.0317,
-6.42184,-2.39549,48.787,
-6.55145,-2.33566,48.5802,
-6.6086,-1.96882,48.394,
-6.70457,-1.05991,48.1108,
-6.96889,0.461294,47.5012,
-7.44291,1.92319,46.6068,
-8.03517,2.25049,45.48,
-8.75866,1.56321,44.0928,
-9.62698,0.923321,42.6729,
-10.1834,1.36071,41.4863,
-10.0401,2.72102,40.2049,
-9.72053,4.25775,38.6252,
-9.63377,5.78245,37.0624,
-9.47378,6.52738,35.2098,
-9.2456,6.78143,33.109,
-9.08721,7.24701,31.2724,
-8.91621,7.38883,29.5111,
-8.98059,6.87694,27.579,
-9.41291,5.80783,25.3859,
-9.9108,4.57979,22.8137,
-10.4352,3.69123,20.1869,
-11.0042,2.97178,17.7409,
-11.4625,2.22427,15.5396,
-11.5917,1.85698,13.8903,
-11.48,1.72973,12.735,
-11.3639,1.76168,11.6481,
-11.1991,1.70455,10.5137,
-10.9205,1.32253,9.61142,
-10.2608,1.14378,9.34019,
-9.05619,1.31358,9.67469,
-7.55386,1.44556,10.2086,
-6.04645,1.15275,10.6938,
-4.76125,0.646038,11.0553,
-3.59802,0.51022,11.6089,
-2.45678,0.937265,12.4126,
-1.59153,1.71137,13.0523,
-0.99362,2.55299,13.526,
-0.380974,3.09711,13.9244,
0.13368,3.239,14.112,
0.342882,3.29428,14.1978,
0.35152,3.37874,14.3261,
0.345836,3.60463,14.4631,
0.302871,3.80805,14.4188,
0.1114,3.4906,14.0739,
-0.38665,2.46182,13.2714,
-1.53435,0.693008,11.7768,
-3.16958,-1.82047,9.78563,
-4.75361,-4.60592,7.67748,
-6.09458,-6.38002,5.71416,
-6.91569,-6.33975,4.09774,
-7.22341,-5.33131,2.79109,
-7.44042,-4.49905,1.58644,
-7.53819,-3.83472,0.599321,
-7.33635,-2.79087,0.110711,
-6.92868,-1.64193,0.0711072,
-6.48607,-0.832101,0.283954,
-6.1304,-0.30727,0.46469,
-5.87795,-0.144477,0.452237,
-5.54264,-0.270496,0.397065,
-4.9788,-0.51575,0.238625,
-4.36317,-0.699768,-0.254204,
-3.98707,-0.923648,-1.07551,
-3.69839,-1.40395,-1.7195,
-3.41413,-1.84655,-1.94222,
-3.31728,-2.07925,-2.12705,
-3.2972,-2.17923,-2.305,
-3.27803,-2.17401,-2.38275,
-3.28493,-2.11337,-2.50146,
-3.27159,-2.15715,-2.61895,
-3.23302,-2.32788,-2.70098,
-3.18459,-2.46494,-2.82604,
-3.15772,-2.7512,-3.03362,
-3.09906,-3.16341,-3.14435,
-2.9956,-3.19343,-3.10114,
-2.95252,-3.04696,-3.15697,
-2.97439,-3.08772,-3.30586,
-3.01954,-3.05776,-3.41625,
-3.0565,-2.99616,-3.43137,
-3.04532,-3.06735,-3.33784,
-3.00844,-3.12493,-3.23169,
-2.97668,-3.19235,-3.14136,
-2.96115,-3.36184,-2.98586,
-2.94729,-3.64263,-2.66485,
-2.92373,-3.94706,-2.18643,
-2.88833,-4.08423,-1.64459,
-2.92713,-4.0751,-1.19054,
-3.07039,-3.99526,-0.887116,
-3.19506,-3.77821,-0.661944,
-3.28552,-3.50642,-0.505966,
-3.3584,-3.38571,-0.453188,
-3.4453,-3.35156,-0.412593,
-3.55139,-3.29603,-0.321452,
-3.61645,-3.2444,-0.25967,
-3.63811,-3.1947,-0.20645,
-3.64653,-3.11718,-0.151642,
-3.69977,-2.89831,-0.102306,
-3.79295,-2.49294,0.007642,
-3.95949,-2.11344,0.144182,
-4.22911,-2.06248,0.14438,
-4.54608,-2.17241,0.149022,
-5.02315,-2.07868,0.146815,
-5.50413,-2.00752,-0.158128,
-5.77694,-2.44215,-0.446132,
-6.01028,-4.30509,-0.283088,
-6.29934,-7.30733,-0.0038804,
-6.6505,-8.95737,-0.0369736,
-7.08712,-8.75137,-0.263495,
-7.52173,-7.70211,-0.527433,
-7.91761,-6.31085,-0.368165,
-8.08702,-5.59828,0.747078,
-8.24123,-5.80793,2.39596,
-8.33638,-5.7123,3.955,
-7.99977,-4.58209,5.35504,
-7.48869,-2.5636,6.69253,
-6.92053,0.265582,7.88672,
-6.63286,1.89378,8.58166,
-6.84648,1.05178,9.14354,
-7.1116,-0.982682,10.4387,
-6.71679,-3.70732,12.2129,
-6.18602,-4.69516,13.4643,
-6.17175,-1.80143,14.0539,
-5.74199,1.43493,14.1186,
-5.19277,2.29125,14.1541,
-5.37775,2.42557,14.6125,
-6.12524,2.9581,15.1528,
-6.71696,3.63448,15.6841,
-6.70648,4.05983,16.1761,
-6.7149,4.21569,16.6371,
-6.98477,4.43495,17.0131,
-7.42386,5.00572,17.335,
-7.76319,5.66782,17.8122,
-7.8047,5.8485,18.3753,
-7.8366,5.79063,18.7825,
-7.69052,5.96955,18.9306,
-7.44409,6.46544,19.0036,
-7.35092,6.85537,19.2362,
-7.21757,6.98408,19.4945,
-6.98981,7.08022,19.6044,
-6.81764,7.16002,19.6086,
-6.82435,7.20291,19.62,
-6.86734,7.14783,19.6903,
-6.80108,7.06387,19.7333,
-6.64854,7.05365,19.7027,
-6.53827,7.07798,19.6523,
-6.54354,7.08672,19.6367,
-6.55137,7.06515,19.6364,
-6.50929,7.0578,19.6205,
-6.5416,7.06649,19.6027,
-6.61437,7.01384,19.5976,
-6.6761,6.95205,19.557,
-6.71478,6.93418,19.5059,
-6.72492,6.93802,19.4541,
-6.73555,6.97635,19.3725,
-6.67934,6.99966,19.3035,
-6.69982,6.96327,19.2527,
-6.86502,6.99288,19.1932,
-6.89349,7.06379,19.1716,
-6.81829,7.07796,19.1915,
-6.80002,7.05454,19.2048,
-6.77005,7.03643,19.1927,
-6.70628,7.04562,19.1468,
